target_emotion,target_emotion_intensity,strongest_emotion,classification_correct,emotional_activation,frames_processed,neutral_mean,neutral_std,neutral_max,surprise_mean,surprise_std,surprise_max,fear_mean,fear_std,fear_max,disgust_mean,disgust_std,disgust_max,angry_mean,angry_std,angry_max,happy_mean,happy_std,happy_max,sad_mean,sad_std,sad_max,participant,voice_type,video_path,filename,voice_condition
neutral,0.5571734544943175,neutral,True,0.216233056157162,9,0.5571734544943175,0.19000002322829726,0.9744044103843776,0.2330361212140499,0.13900672643658005,0.5175515662091673,0.21600282767567452,0.12261160253067306,0.39017721621700996,0.16937733420780823,0.24108428559298048,0.7717950515174969,0.22780887733122826,0.1823793587661271,0.5598123917178406,0.11982401472988971,0.08040567025924499,0.23280908755771265,0.3313491617843214,0.12533271784327601,0.586200353399138,andreea1,Emotional_OpenAI_TTS,C:\python\Uni\Year_3\block_4\Story_project\logs\sessions\2025-06-04_17-17-41_andreea1\videos\andreea1_Emotional_OpenAI_TTS_neutral_exchange_0.mp4,andreea1_Emotional_OpenAI_TTS_neutral_exchange_0.mp4,Emotional
surprise,0.18508135302717893,neutral,False,0.20484677358578954,7,0.5662685490617697,0.26941957045135156,1.0,0.18508135302717893,0.08297693002026431,0.31286441751050875,0.20163312684681595,0.12779607126159392,0.34264840460635937,0.2443122942211351,0.13740352876594708,0.4580939751544767,0.2507098211847412,0.1899953762277932,0.5665466532320704,0.16958590230703163,0.1598662809030224,0.443312917384297,0.1777581439278344,0.17282992682007076,0.4047846316135313,andreea1,Emotional_OpenAI_TTS,C:\python\Uni\Year_3\block_4\Story_project\logs\sessions\2025-06-04_17-17-41_andreea1\videos\andreea1_Emotional_OpenAI_TTS_surprise_exchange_1.mp4,andreea1_Emotional_OpenAI_TTS_surprise_exchange_1.mp4,Emotional
fear,0.1526249808967175,neutral,False,0.18099742390436743,8,0.5026909667288222,0.23201665876181943,0.8917504002557579,0.14208412927215797,0.13946829007958017,0.4254136788669771,0.1526249808967175,0.17863959360394768,0.5419883563282657,0.20535683605557806,0.094173941538854,0.3227610662458713,0.2234551803663414,0.08601036431256082,0.3298081201979527,0.19138996802993774,0.09744940985833796,0.3225276191084554,0.17107344880547193,0.11939882644291383,0.32015769277967926,andreea1,Emotional_OpenAI_TTS,C:\python\Uni\Year_3\block_4\Story_project\logs\sessions\2025-06-04_17-17-41_andreea1\videos\andreea1_Emotional_OpenAI_TTS_fear_exchange_2.mp4,andreea1_Emotional_OpenAI_TTS_fear_exchange_2.mp4,Emotional
disgust,0.1354535279472325,neutral,False,0.1746402602134101,5,0.7009874725735994,0.18326708324194738,1.0,0.17141823723455007,0.08457127209959911,0.3125319837368354,0.22535801424557783,0.17019951754423399,0.48021754799430344,0.1354535279472325,0.13706271983818052,0.3036767129517013,0.14848431818635954,0.14442546773567844,0.326125780466624,0.20969813729018383,0.18408738807975844,0.46496725995727767,0.15742932637655677,0.12320100896823472,0.34115548438959187,andreea1,Emotional_OpenAI_TTS,C:\python\Uni\Year_3\block_4\Story_project\logs\sessions\2025-06-04_17-17-41_andreea1\videos\andreea1_Emotional_OpenAI_TTS_disgust_exchange_3.mp4,andreea1_Emotional_OpenAI_TTS_disgust_exchange_3.mp4,Emotional
angry,0.1401517974643481,neutral,False,0.20206900186550922,7,0.5943394164996737,0.20497365473086768,0.9194018362112089,0.18027170455725722,0.18261891195272986,0.4550423404284367,0.18004468852234404,0.057896707704517235,0.23381703901516382,0.28422751477879976,0.1713833070081618,0.5521566419211311,0.1401517974643481,0.11639152478872543,0.3030282326326028,0.17160847001380672,0.11255483058898945,0.3798205314451756,0.2561098358564993,0.11453150000052545,0.4880657241095093,andreea1,Emotional_OpenAI_TTS,C:\python\Uni\Year_3\block_4\Story_project\logs\sessions\2025-06-04_17-17-41_andreea1\videos\andreea1_Emotional_OpenAI_TTS_angry_exchange_4.mp4,andreea1_Emotional_OpenAI_TTS_angry_exchange_4.mp4,Emotional
happy,0.2553038060839181,neutral,False,0.20732607482125512,10,0.5589355781136252,0.22769318356475826,0.9266534775314296,0.12940958248241985,0.0867520582155481,0.2886151417216128,0.2541492915472606,0.10778586982842,0.41664011976277726,0.20537977669945667,0.12032011044492695,0.378495096018638,0.18708126903788433,0.1580838448447094,0.4999937722909881,0.2553038060839181,0.16357909038392743,0.573721705844675,0.21263272307659103,0.11995352105065862,0.4042632775126924,andreea1,Emotional_OpenAI_TTS,C:\python\Uni\Year_3\block_4\Story_project\logs\sessions\2025-06-04_17-17-41_andreea1\videos\andreea1_Emotional_OpenAI_TTS_happy_exchange_5.mp4,andreea1_Emotional_OpenAI_TTS_happy_exchange_5.mp4,Emotional
sad,0.2963345282097188,neutral,False,0.21260776710976667,7,0.6539475133434433,0.3857031857360743,1.0,0.21086552986074295,0.11352051223200044,0.3640491676323755,0.20916299078146242,0.11470659886126543,0.41580553537749076,0.17938455862729302,0.1481961714693948,0.3952542884240142,0.18775436585902477,0.10822251518542211,0.32654583989008823,0.1921446293203582,0.14131565679507765,0.37790539523376654,0.2963345282097188,0.15657599823466054,0.4304949647500956,andreea1,Emotional_OpenAI_TTS,C:\python\Uni\Year_3\block_4\Story_project\logs\sessions\2025-06-04_17-17-41_andreea1\videos\andreea1_Emotional_OpenAI_TTS_sad_exchange_6.mp4,andreea1_Emotional_OpenAI_TTS_sad_exchange_6.mp4,Emotional
happy,0.18241310709488529,neutral,False,0.20507201622584859,8,0.6345246815176041,0.18136915316851565,0.8403234528418992,0.250680220775687,0.16142158676817064,0.5740741437023924,0.19640260292316786,0.12795561679517387,0.32707496893235033,0.25214463209857596,0.12572132628952992,0.43849355709570714,0.15673019004587757,0.10910306311330979,0.33816980762824245,0.18241310709488529,0.1483579805936822,0.3753276788730588,0.19206134441689782,0.16308584588990094,0.4718234950343851,andreea1,Emotionless_Voice,C:\python\Uni\Year_3\block_4\Story_project\logs\sessions\2025-06-04_17-17-41_andreea1\videos\andreea1_Emotionless_Voice_happy_exchange_0.mp4,andreea1_Emotionless_Voice_happy_exchange_0.mp4,Emotionless
angry,0.09453355643543755,neutral,False,0.20619193158071744,9,0.692039820149114,0.19214908445177617,0.9832228314821432,0.21233431733767513,0.14262064717109846,0.4488298921418785,0.22819983535223232,0.15152036232025337,0.47184196734671957,0.1989426303040624,0.1482123718352762,0.4805358064455608,0.09453355643543755,0.09643155201887803,0.27768456387238066,0.27678827379896376,0.16878354353168545,0.5439977075579898,0.22635297625593345,0.1678747930985415,0.5011199829753752,andreea1,Emotionless_Voice,C:\python\Uni\Year_3\block_4\Story_project\logs\sessions\2025-06-04_17-17-41_andreea1\videos\andreea1_Emotionless_Voice_angry_exchange_1.mp4,andreea1_Emotionless_Voice_angry_exchange_1.mp4,Emotionless
sad,0.19268581876876806,neutral,False,0.20401905078932717,8,0.4878599213426341,0.13477776426618485,0.6529241339395462,0.24205296118423691,0.16887768685278456,0.5612661096116689,0.15675611711091844,0.17430639534898673,0.4150274415921286,0.20673072115058844,0.09730256632894305,0.3045989014229302,0.191139596163096,0.132994804295917,0.37431487541857095,0.23474909035835523,0.1752720077547587,0.47382932150990703,0.19268581876876806,0.09209425257855844,0.31179636912401243,andreea1,Emotionless_Voice,C:\python\Uni\Year_3\block_4\Story_project\logs\sessions\2025-06-04_17-17-41_andreea1\videos\andreea1_Emotionless_Voice_sad_exchange_2.mp4,andreea1_Emotionless_Voice_sad_exchange_2.mp4,Emotionless
surprise,0.2938407148308857,neutral,False,0.22113838869700864,8,0.6687619773820297,0.19212855221790093,1.0,0.2938407148308857,0.1764769783048197,0.5219862294285902,0.22469501720082172,0.15269583115462212,0.40452824905075824,0.21809538230031683,0.0955536625108629,0.4026623815519955,0.1949722026936511,0.1794789808032153,0.42287726956397165,0.20247799528181698,0.18925180284523455,0.5397023292880537,0.19274901987455945,0.1196396286306156,0.38930434951650594,andreea1,Emotionless_Voice,C:\python\Uni\Year_3\block_4\Story_project\logs\sessions\2025-06-04_17-17-41_andreea1\videos\andreea1_Emotionless_Voice_surprise_exchange_3.mp4,andreea1_Emotionless_Voice_surprise_exchange_3.mp4,Emotionless
disgust,0.19595582215306045,neutral,False,0.19672944657622457,10,0.7144248897669667,0.26214838908883153,1.0,0.2121966725839645,0.1674604626119748,0.4791833807646807,0.13196010222656485,0.13931753382034165,0.35009007043709894,0.19595582215306045,0.14044618881309603,0.4442217056301958,0.2403515950463572,0.1439093782159604,0.41736086316508625,0.1969608286183679,0.14825283833801095,0.3890910953047975,0.2029516588290326,0.1367913101793447,0.4009064411999551,andreea1,Emotionless_Voice,C:\python\Uni\Year_3\block_4\Story_project\logs\sessions\2025-06-04_17-17-41_andreea1\videos\andreea1_Emotionless_Voice_disgust_exchange_4.mp4,andreea1_Emotionless_Voice_disgust_exchange_4.mp4,Emotionless
fear,0.1954782557274262,neutral,False,0.2206763696792302,7,0.5547080461673815,0.22214849628715436,0.9758027320775271,0.2055711273057466,0.12503376554705217,0.41560386240055064,0.1954782557274262,0.1849193057236181,0.40293393723418786,0.2113492521988529,0.14316073023912562,0.43244745261685935,0.2625326662574327,0.08175679611472408,0.40164919101299246,0.26217421034718086,0.1972001428275636,0.49294953949568626,0.186952706238742,0.15499567818853976,0.42924963771101443,andreea1,Emotionless_Voice,C:\python\Uni\Year_3\block_4\Story_project\logs\sessions\2025-06-04_17-17-41_andreea1\videos\andreea1_Emotionless_Voice_fear_exchange_5.mp4,andreea1_Emotionless_Voice_fear_exchange_5.mp4,Emotionless
neutral,0.48743421483418087,neutral,True,0.2536936653445941,8,0.48743421483418087,0.25825364492506026,0.852441729291604,0.19813272607328342,0.1522213132612839,0.4299709977179821,0.21127724000010906,0.15886893286654993,0.4230149053577762,0.25694177897236997,0.07782014651281126,0.3500244438286628,0.31683660957197846,0.10612686855631175,0.4515554426727862,0.24265292191862659,0.1675166591709568,0.5727023201150068,0.2963207155311968,0.14256850085866793,0.5453101669224869,andreea1,Emotionless_Voice,C:\python\Uni\Year_3\block_4\Story_project\logs\sessions\2025-06-04_17-17-41_andreea1\videos\andreea1_Emotionless_Voice_neutral_exchange_6.mp4,andreea1_Emotionless_Voice_neutral_exchange_6.mp4,Emotionless
sad,0.21670753610136634,neutral,False,0.2068217752990644,10,0.597532967718198,0.2197520965327521,0.9539216964881205,0.23464504572099315,0.14445315800748346,0.5204842085194095,0.17285447942442125,0.1299651699216061,0.3995090213251148,0.20188135945919763,0.12437313522493577,0.3828874951860579,0.24679295450279826,0.1542615552427452,0.5284573548902074,0.1680492765856097,0.11070608910936891,0.3313175045182062,0.21670753610136634,0.09319166475344672,0.32669156333410987,vasilis2,Emotional_OpenAI_TTS,C:\python\Uni\Year_3\block_4\Story_project\logs\sessions\2025-06-04_17-32-51_vasilis2\videos\vasilis2_Emotional_OpenAI_TTS_sad_exchange_0.mp4,vasilis2_Emotional_OpenAI_TTS_sad_exchange_0.mp4,Emotional
surprise,0.25030882718246417,neutral,False,0.20349032919376323,10,0.5977980487435162,0.28075905674637996,1.0,0.25030882718246417,0.17284364530835064,0.5501439629590934,0.20151581359348988,0.16214807182638744,0.4990108989875936,0.16421426890779484,0.07812390452265933,0.24226626514706748,0.19644184636113304,0.13686728233614334,0.3739714815006521,0.21026549456121443,0.12306108993130212,0.4274704020401004,0.1981957245564832,0.15190250281696188,0.4088725646274224,vasilis2,Emotional_OpenAI_TTS,C:\python\Uni\Year_3\block_4\Story_project\logs\sessions\2025-06-04_17-32-51_vasilis2\videos\vasilis2_Emotional_OpenAI_TTS_surprise_exchange_1.mp4,vasilis2_Emotional_OpenAI_TTS_surprise_exchange_1.mp4,Emotional
neutral,0.5993644882191044,neutral,True,0.21610049774770126,9,0.5993644882191044,0.13601430653646437,0.8102464990988678,0.263733898098206,0.14980342353065532,0.48739123000929213,0.17005328618344878,0.15019196561722165,0.5140352990845647,0.1709983091680037,0.12079016887553473,0.3172264507124787,0.216669457178685,0.11946756507081843,0.3363816269144913,0.23137137953962203,0.13448807617023573,0.4266667855489211,0.24377665631824227,0.20250315553533987,0.6883273671835002,vasilis2,Emotional_OpenAI_TTS,C:\python\Uni\Year_3\block_4\Story_project\logs\sessions\2025-06-04_17-32-51_vasilis2\videos\vasilis2_Emotional_OpenAI_TTS_neutral_exchange_2.mp4,vasilis2_Emotional_OpenAI_TTS_neutral_exchange_2.mp4,Emotional
happy,0.1989853399345536,neutral,False,0.19007370002827373,7,0.5308817977155889,0.11256308150000578,0.6869127083143439,0.18266301141591987,0.10549176234786034,0.2928099273945628,0.1790121787487586,0.14487042815512183,0.33089671222805045,0.16120680706431753,0.11856299705040974,0.36588931171501987,0.24001572919310704,0.1479316467525632,0.40390418010313767,0.1989853399345536,0.15002606911215505,0.41091524328790824,0.17855913381298563,0.10783220695915297,0.3076670115791106,vasilis2,Emotional_OpenAI_TTS,C:\python\Uni\Year_3\block_4\Story_project\logs\sessions\2025-06-04_17-32-51_vasilis2\videos\vasilis2_Emotional_OpenAI_TTS_happy_exchange_3.mp4,vasilis2_Emotional_OpenAI_TTS_happy_exchange_3.mp4,Emotional
angry,0.21382565485990382,neutral,False,0.17833844518530925,7,0.5366437276832248,0.13819822010729743,0.7676471054120637,0.29062994537383213,0.10508095205606131,0.47413317649116,0.2060228679127086,0.06909806125047005,0.32301822384313594,0.16181432307228857,0.11121113890367113,0.3457355687193334,0.21382565485990382,0.12721704369404077,0.4608113364922902,0.10367394334671587,0.08375148706706902,0.2340994474119797,0.09406393654640632,0.0941831473227615,0.2810051336617018,vasilis2,Emotional_OpenAI_TTS,C:\python\Uni\Year_3\block_4\Story_project\logs\sessions\2025-06-04_17-32-51_vasilis2\videos\vasilis2_Emotional_OpenAI_TTS_angry_exchange_4.mp4,vasilis2_Emotional_OpenAI_TTS_angry_exchange_4.mp4,Emotional
disgust,0.19332711473232497,neutral,False,0.18592766777826522,8,0.5321175870122541,0.2470027022173934,0.9101310681628736,0.15536165771301264,0.10755637246609497,0.3184690873661574,0.19240162082331977,0.1759133944868985,0.5099761192869445,0.19332711473232497,0.154561730742553,0.43357358175358796,0.18031538066637604,0.12028042921098592,0.37739280677567166,0.1566469956849809,0.1514174937158019,0.41347397249950046,0.237513237049577,0.10359766591967648,0.38624356091047496,vasilis2,Emotional_OpenAI_TTS,C:\python\Uni\Year_3\block_4\Story_project\logs\sessions\2025-06-04_17-32-51_vasilis2\videos\vasilis2_Emotional_OpenAI_TTS_disgust_exchange_5.mp4,vasilis2_Emotional_OpenAI_TTS_disgust_exchange_5.mp4,Emotional
fear,0.18089058213938072,neutral,False,0.21307573248440548,10,0.6365657590991491,0.20048661574732596,1.0,0.2722190998603218,0.17120005070835403,0.5559921385819039,0.18089058213938072,0.13224176288344464,0.3539703370098428,0.205160726418736,0.14314595537381616,0.4320272601491969,0.23376275844486577,0.1298099504052362,0.4157257247280183,0.18230984800903874,0.1370954837670811,0.3994987238997798,0.20411138003408977,0.14443344535616387,0.42252113575986383,vasilis2,Emotional_OpenAI_TTS,C:\python\Uni\Year_3\block_4\Story_project\logs\sessions\2025-06-04_17-32-51_vasilis2\videos\vasilis2_Emotional_OpenAI_TTS_fear_exchange_6.mp4,vasilis2_Emotional_OpenAI_TTS_fear_exchange_6.mp4,Emotional
fear,0.22588725843421167,neutral,False,0.23311318063341105,6,0.6508745267236633,0.23561882573047443,0.9634203974877369,0.24264858994200753,0.08234533261980118,0.35362819717178795,0.22588725843421167,0.08718224503610249,0.369710793599936,0.2365452968563356,0.20512949298864042,0.49794722607067393,0.22063068287803653,0.19106229231076302,0.5965620330700117,0.2324740189919954,0.10853862970986995,0.3660920829362463,0.24049323669787961,0.1819037712987955,0.4263760299745311,vasilis2,Emotionless_Voice,C:\python\Uni\Year_3\block_4\Story_project\logs\sessions\2025-06-04_17-32-51_vasilis2\videos\vasilis2_Emotionless_Voice_fear_exchange_0.mp4,vasilis2_Emotionless_Voice_fear_exchange_0.mp4,Emotionless
surprise,0.19034500397954546,neutral,False,0.21146521293852738,6,0.6868153529752944,0.1389042481330679,0.8081076526406157,0.19034500397954546,0.08278165565405408,0.2990672820510488,0.15955808216226086,0.1196822796735072,0.31422269255402263,0.30065231500569795,0.08925728683971894,0.3897072387240835,0.21854268332671967,0.183629771075114,0.42276057444744647,0.21328149579774988,0.1587995892712192,0.4892806861793989,0.18641169735919058,0.12263555771333634,0.3643902849177352,vasilis2,Emotionless_Voice,C:\python\Uni\Year_3\block_4\Story_project\logs\sessions\2025-06-04_17-32-51_vasilis2\videos\vasilis2_Emotionless_Voice_surprise_exchange_1.mp4,vasilis2_Emotionless_Voice_surprise_exchange_1.mp4,Emotionless
disgust,0.2234598342169776,neutral,False,0.19771406024899382,9,0.5183071230846523,0.16212626756281265,0.7768445999540057,0.22118600690537277,0.1949865064914397,0.5196899012883648,0.20238187965018722,0.14289579500046687,0.4466437951662584,0.2234598342169776,0.1530629960322376,0.41292107120585175,0.13874198906246196,0.11609409684843205,0.35469045275852407,0.18060269153512187,0.12328005908419155,0.35369416708453394,0.21991196012384143,0.15876958817208064,0.4191843792453125,vasilis2,Emotionless_Voice,C:\python\Uni\Year_3\block_4\Story_project\logs\sessions\2025-06-04_17-32-51_vasilis2\videos\vasilis2_Emotionless_Voice_disgust_exchange_2.mp4,vasilis2_Emotionless_Voice_disgust_exchange_2.mp4,Emotionless
sad,0.12436135213478715,neutral,False,0.20304374458463667,7,0.5821840315244692,0.28285407211178504,1.0,0.24732672030750638,0.15507566391204458,0.4511210318635084,0.20441933013167649,0.17312471448160657,0.4732365405951578,0.211535276172028,0.14793113193492194,0.45901064880606096,0.25092933544769574,0.11954267104746771,0.43848599939239596,0.1796904533141263,0.1295924980644885,0.346574235051032,0.12436135213478715,0.13355603896481438,0.34780604477288024,vasilis2,Emotionless_Voice,C:\python\Uni\Year_3\block_4\Story_project\logs\sessions\2025-06-04_17-32-51_vasilis2\videos\vasilis2_Emotionless_Voice_sad_exchange_3.mp4,vasilis2_Emotionless_Voice_sad_exchange_3.mp4,Emotionless
neutral,0.699366874496631,neutral,True,0.1791257282763237,9,0.699366874496631,0.2216518688076019,0.992992359566446,0.2555431318170853,0.14229432260960057,0.5078806922802644,0.1682872978493088,0.21171689643276706,0.5309307530722949,0.1789152362022976,0.09248689244516378,0.30778188727520817,0.08545534346597673,0.07413985439273227,0.19278694338235167,0.2684808180648347,0.07774443996753092,0.40751836416578613,0.11807254225843916,0.1446352893452513,0.3706892620067062,vasilis2,Emotionless_Voice,C:\python\Uni\Year_3\block_4\Story_project\logs\sessions\2025-06-04_17-32-51_vasilis2\videos\vasilis2_Emotionless_Voice_neutral_exchange_4.mp4,vasilis2_Emotionless_Voice_neutral_exchange_4.mp4,Emotionless
happy,0.15668941554760787,neutral,False,0.20280565706094145,10,0.6188449842323558,0.21060385617703933,1.0,0.19003898554248624,0.14601645228474708,0.45669980459254794,0.20712274190758992,0.13900641463297944,0.3869634948855838,0.18271165003691248,0.10254165725268476,0.339221998476443,0.2727676323004977,0.14744379494391938,0.4740171611347524,0.15668941554760787,0.12462383239205191,0.3911372379508724,0.20750351703055445,0.13566109087473788,0.5299959581283921,vasilis2,Emotionless_Voice,C:\python\Uni\Year_3\block_4\Story_project\logs\sessions\2025-06-04_17-32-51_vasilis2\videos\vasilis2_Emotionless_Voice_happy_exchange_5.mp4,vasilis2_Emotionless_Voice_happy_exchange_5.mp4,Emotionless
angry,0.2379609053391353,neutral,False,0.21975842332678175,10,0.6239033864268955,0.14441266545762366,0.790058736486796,0.21838515875772338,0.15368935883315132,0.4388039789462783,0.23113632732443684,0.14509870575044398,0.49508264372063004,0.17601883880311403,0.12200873901291114,0.4138653736194423,0.2379609053391353,0.17021361548761926,0.4106899442741989,0.19711489466184393,0.15622047937720343,0.5652432630938615,0.25793441507443726,0.10765476489494018,0.3904082345558909,vasilis2,Emotionless_Voice,C:\python\Uni\Year_3\block_4\Story_project\logs\sessions\2025-06-04_17-32-51_vasilis2\videos\vasilis2_Emotionless_Voice_angry_exchange_6.mp4,vasilis2_Emotionless_Voice_angry_exchange_6.mp4,Emotionless
surprise,0.20975129975299292,neutral,False,0.24859985152285471,8,0.47530194951218363,0.13074735247065772,0.7411961835021641,0.20975129975299292,0.1379232585984069,0.4298064221236202,0.24704009843487315,0.14417597667684187,0.40668344903186926,0.19246602914330646,0.13059925972174088,0.34319295046131093,0.31909111660132006,0.10656538290868774,0.480783368755267,0.25182369727149634,0.1534720611627631,0.4013581900761586,0.2714268679331393,0.14080833956324806,0.5026247916820168,will3,Emotional_OpenAI_TTS,C:\python\Uni\Year_3\block_4\Story_project\logs\sessions\2025-06-04_17-47-08_will3\videos\will3_Emotional_OpenAI_TTS_surprise_exchange_0.mp4,will3_Emotional_OpenAI_TTS_surprise_exchange_0.mp4,Emotional
disgust,0.21414007803845905,neutral,False,0.18313871265550005,8,0.6619407991872726,0.13727734568598798,0.8694488224305716,0.18036706733692276,0.1413633425941687,0.37068924082979593,0.2261213226158869,0.10994819514635129,0.35811185621182073,0.21414007803845905,0.1714834908144714,0.43131104021282846,0.1620607279765342,0.11889901568933277,0.29434175740776014,0.16326518998008402,0.18278047402462858,0.48762716467275347,0.1528778899851135,0.15968960883691447,0.4789245108237563,will3,Emotional_OpenAI_TTS,C:\python\Uni\Year_3\block_4\Story_project\logs\sessions\2025-06-04_17-47-08_will3\videos\will3_Emotional_OpenAI_TTS_disgust_exchange_1.mp4,will3_Emotional_OpenAI_TTS_disgust_exchange_1.mp4,Emotional
angry,0.28735669249778134,neutral,False,0.213905419277578,9,0.5159428407806499,0.24224551981439624,0.816651048418777,0.17369098558678145,0.12406553767543928,0.3699239533839518,0.14435088899821977,0.15114759348163856,0.36223201258558124,0.21304522653533617,0.2308587861930024,0.568374412870631,0.28735669249778134,0.15425231245311163,0.4459008870065296,0.1936398129971723,0.14550525382367097,0.471619683000831,0.2713489090501768,0.1314969011874107,0.44526864163091695,will3,Emotional_OpenAI_TTS,C:\python\Uni\Year_3\block_4\Story_project\logs\sessions\2025-06-04_17-47-08_will3\videos\will3_Emotional_OpenAI_TTS_angry_exchange_2.mp4,will3_Emotional_OpenAI_TTS_angry_exchange_2.mp4,Emotional
happy,0.2696342929380834,neutral,False,0.19988028191771315,7,0.578680340706075,0.2632417246662121,0.9183660680130111,0.19573611936404217,0.06605910925727844,0.25631349048030644,0.20316040169673102,0.1695355701801721,0.46115502355279114,0.2009039987240084,0.18827407367205978,0.4941474604594676,0.17705362383721085,0.1511547275868529,0.45896962999886165,0.2696342929380834,0.22254988301408496,0.5479881478912765,0.15279325494620316,0.1249167168180779,0.3188370903035659,will3,Emotional_OpenAI_TTS,C:\python\Uni\Year_3\block_4\Story_project\logs\sessions\2025-06-04_17-47-08_will3\videos\will3_Emotional_OpenAI_TTS_happy_exchange_3.mp4,will3_Emotional_OpenAI_TTS_happy_exchange_3.mp4,Emotional
sad,0.18337078216686556,neutral,False,0.19897209091576817,6,0.6142417000874719,0.21164980058746505,0.853342539436539,0.20170388734026665,0.1355496547413251,0.348954266889692,0.219120752923931,0.1357342643267981,0.37082180624410843,0.22898998824431271,0.21882916998396984,0.5025778149209965,0.20056711274998726,0.12908741654880057,0.443188324155432,0.16008002206924588,0.06940154390972032,0.2690760145854311,0.18337078216686556,0.0683651740332998,0.27213547186576176,will3,Emotional_OpenAI_TTS,C:\python\Uni\Year_3\block_4\Story_project\logs\sessions\2025-06-04_17-47-08_will3\videos\will3_Emotional_OpenAI_TTS_sad_exchange_4.mp4,will3_Emotional_OpenAI_TTS_sad_exchange_4.mp4,Emotional
neutral,0.5978267746316264,neutral,True,0.19991083770398843,10,0.5978267746316264,0.22061536774744123,0.9422996279996477,0.16907644256560578,0.10344438639049491,0.328247632249283,0.17322591727055484,0.1188870907134628,0.40025563635895367,0.21793693370811149,0.08177441907654366,0.3391265779308962,0.22438181437833907,0.13158276046371764,0.38516819295516236,0.2619761666525217,0.14752608952077953,0.4814305085542379,0.15286775164879784,0.08446448050515633,0.35592133414952043,will3,Emotional_OpenAI_TTS,C:\python\Uni\Year_3\block_4\Story_project\logs\sessions\2025-06-04_17-47-08_will3\videos\will3_Emotional_OpenAI_TTS_neutral_exchange_5.mp4,will3_Emotional_OpenAI_TTS_neutral_exchange_5.mp4,Emotional
fear,0.12830701977968875,neutral,False,0.17548937263430373,8,0.6008138321941912,0.17130904147812132,0.8153905789257848,0.19011865602617745,0.14959455888272172,0.41121297145433644,0.12830701977968875,0.11603111328141412,0.3285182542994035,0.117292045008833,0.10021539575538353,0.2392195186578219,0.19742496597751563,0.11105001801119932,0.3444269448682648,0.14629146248732489,0.13031789230319973,0.3182062241159656,0.2735020865262826,0.09068952982981592,0.3948717611317716,will3,Emotional_OpenAI_TTS,C:\python\Uni\Year_3\block_4\Story_project\logs\sessions\2025-06-04_17-47-08_will3\videos\will3_Emotional_OpenAI_TTS_fear_exchange_6.mp4,will3_Emotional_OpenAI_TTS_fear_exchange_6.mp4,Emotional
disgust,0.3197067718232145,neutral,False,0.21937928827703435,8,0.5833734592535343,0.23215185195999324,1.0,0.24074561067266054,0.14750843433508154,0.4588275480512269,0.21983771932760376,0.14352374649881716,0.3745455941848398,0.3197067718232145,0.16325520784159367,0.6150000404618039,0.11594063908555492,0.1405558307763879,0.34596727238552905,0.18477642513434023,0.12501369560373868,0.31014541676349006,0.23526856361883214,0.14233332306496999,0.5056971468787604,will3,Emotionless_Voice,C:\python\Uni\Year_3\block_4\Story_project\logs\sessions\2025-06-04_17-47-08_will3\videos\will3_Emotionless_Voice_disgust_exchange_0.mp4,will3_Emotionless_Voice_disgust_exchange_0.mp4,Emotionless
neutral,0.605565988637043,neutral,True,0.20021025320327315,10,0.605565988637043,0.15264763155625563,0.8555870417288547,0.17611670640290616,0.17151530681270913,0.5311493078999028,0.16633950013397927,0.1389004433498618,0.5087529611138598,0.19161614062312,0.17662010708864817,0.5923963193965931,0.19944783413724324,0.2089570757170779,0.6049576756979437,0.2114515163971956,0.17958462293240465,0.6045567078747033,0.2562898215251946,0.05643281350969447,0.3829833604152924,will3,Emotionless_Voice,C:\python\Uni\Year_3\block_4\Story_project\logs\sessions\2025-06-04_17-47-08_will3\videos\will3_Emotionless_Voice_neutral_exchange_1.mp4,will3_Emotionless_Voice_neutral_exchange_1.mp4,Emotionless
angry,0.2198352212674465,neutral,False,0.18320082002370666,7,0.5615296299285001,0.1430762132903297,0.7317222748442043,0.15068675491637576,0.1525924499557766,0.4362211213314486,0.1990998741534369,0.10699729963846362,0.34363595340285524,0.13316122462788046,0.09810396380869234,0.2389356856313756,0.2198352212674465,0.0728318363158557,0.3191846175616303,0.1692732648724696,0.1195976573911154,0.3890151057240808,0.2271485803046307,0.11529034863196254,0.39386799300004893,will3,Emotionless_Voice,C:\python\Uni\Year_3\block_4\Story_project\logs\sessions\2025-06-04_17-47-08_will3\videos\will3_Emotionless_Voice_angry_exchange_2.mp4,will3_Emotionless_Voice_angry_exchange_2.mp4,Emotionless
surprise,0.2810415199173318,neutral,False,0.23013441594690978,6,0.6676305850649339,0.10554942106837559,0.8096446634328377,0.2810415199173318,0.10038862230753179,0.4342874377273529,0.26213966413898154,0.2160551031199694,0.6575212647478123,0.20472114335846517,0.12104140426733574,0.31168623293995656,0.1750930804555879,0.10362696339683479,0.31569232603536845,0.2304086703995747,0.18210302022146513,0.43738276778364804,0.22740241741151768,0.14276022238649386,0.3980325609331183,will3,Emotionless_Voice,C:\python\Uni\Year_3\block_4\Story_project\logs\sessions\2025-06-04_17-47-08_will3\videos\will3_Emotionless_Voice_surprise_exchange_3.mp4,will3_Emotionless_Voice_surprise_exchange_3.mp4,Emotionless
happy,0.15092013915453611,neutral,False,0.22528193613948713,5,0.5337637299396499,0.0694300175661148,0.5832498106893137,0.22377857003422025,0.10624219459616395,0.3256462740569627,0.24782685128369622,0.15633118715595706,0.41235205951956616,0.21568010496724085,0.1343744104173125,0.35798039233528756,0.315976571222574,0.20214369055452594,0.577360024969761,0.15092013915453611,0.17297038342119797,0.4309024027501426,0.1975093801746555,0.13698579889169543,0.37239459530340924,will3,Emotionless_Voice,C:\python\Uni\Year_3\block_4\Story_project\logs\sessions\2025-06-04_17-47-08_will3\videos\will3_Emotionless_Voice_happy_exchange_4.mp4,will3_Emotionless_Voice_happy_exchange_4.mp4,Emotionless
fear,0.13374884607132656,neutral,False,0.1892927493865801,9,0.5655448303742918,0.1857066943907991,0.9539981269905885,0.0995776329437789,0.0904353029750287,0.23408282569406721,0.13374884607132656,0.09473653255450994,0.28470328509813453,0.2089063325280659,0.12395609486843483,0.48074428911773065,0.3469464475568606,0.13088486333361862,0.4703453696892449,0.20736990233921243,0.1979068510366566,0.6162035459726722,0.1392073348802362,0.09781419235416378,0.34269429083437125,will3,Emotionless_Voice,C:\python\Uni\Year_3\block_4\Story_project\logs\sessions\2025-06-04_17-47-08_will3\videos\will3_Emotionless_Voice_fear_exchange_5.mp4,will3_Emotionless_Voice_fear_exchange_5.mp4,Emotionless
sad,0.28275101828544413,neutral,False,0.21067843000750766,7,0.6339578063264216,0.18607469695015078,0.8089312115263845,0.2162162062786646,0.1671880460984317,0.3787968029243153,0.1402901876301875,0.09669217257198255,0.2797730071249012,0.24633472868327821,0.1512187886550803,0.4692144581371279,0.07778866040238593,0.07121772233855511,0.16168161848287782,0.30068977876508546,0.19502927480797466,0.6521843671975197,0.28275101828544413,0.08054330355512314,0.42968291085491217,will3,Emotionless_Voice,C:\python\Uni\Year_3\block_4\Story_project\logs\sessions\2025-06-04_17-47-08_will3\videos\will3_Emotionless_Voice_sad_exchange_6.mp4,will3_Emotionless_Voice_sad_exchange_6.mp4,Emotionless
surprise,0.22076142118212516,neutral,False,0.188026102002535,10,0.6468789208284854,0.186808813533308,0.929126703684596,0.22076142118212516,0.13642965439966273,0.40846609884003504,0.24728994059314946,0.16998533553509387,0.574869496291037,0.1747214210009292,0.1539718594249471,0.39673151896505743,0.15884439856746468,0.17840528159411145,0.4580027472272584,0.13323068339819036,0.09737766436308037,0.30168662118654344,0.19330874727335123,0.09777759811473084,0.34400870471324285,will3,Emotional_OpenAI_TTS,C:\python\Uni\Year_3\block_4\Story_project\logs\sessions\2025-06-04_17-47-08_will3 copy\videos\will3_Emotional_OpenAI_TTS_surprise_exchange_0.mp4,will3_Emotional_OpenAI_TTS_surprise_exchange_0.mp4,Emotional
disgust,0.24774165615873375,neutral,False,0.21837354071211926,9,0.5367513983300568,0.21350707898982385,0.9268543285311155,0.2163389730864979,0.10610017162500206,0.41634609473690315,0.2199049258899612,0.12163715196111256,0.4296369035240102,0.24774165615873375,0.12409576809237811,0.38985941415765535,0.29532912268645617,0.07755998098311118,0.4207763823196037,0.21134943886650653,0.1256608209104724,0.3843157870452,0.11957712758456017,0.12254421414120922,0.32177650413935016,will3,Emotional_OpenAI_TTS,C:\python\Uni\Year_3\block_4\Story_project\logs\sessions\2025-06-04_17-47-08_will3 copy\videos\will3_Emotional_OpenAI_TTS_disgust_exchange_1.mp4,will3_Emotional_OpenAI_TTS_disgust_exchange_1.mp4,Emotional
angry,0.25114881354183083,neutral,False,0.2253555082429355,9,0.5549465130076043,0.2170468034938858,0.8360345231193534,0.21183594516701043,0.14813514976821243,0.39748914645894506,0.22481774040508531,0.15470554325140126,0.5387877398720634,0.2667750319179051,0.10911077045177274,0.388663049817233,0.25114881354183083,0.1406682138213218,0.4704677415093546,0.26826113040797,0.16309746689389001,0.5529102753980866,0.12929438801781112,0.11305509255177165,0.26959520787926083,will3,Emotional_OpenAI_TTS,C:\python\Uni\Year_3\block_4\Story_project\logs\sessions\2025-06-04_17-47-08_will3 copy\videos\will3_Emotional_OpenAI_TTS_angry_exchange_2.mp4,will3_Emotional_OpenAI_TTS_angry_exchange_2.mp4,Emotional
happy,0.16722481553054985,neutral,False,0.20675688244049165,8,0.5994383020423657,0.11058749694792486,0.7999916200444666,0.17923608762123044,0.10554535076997601,0.37918145271303205,0.22700842163957013,0.11367518864740797,0.3486507087003262,0.19856616944248123,0.15037192892035922,0.5112209936986569,0.17530249111271423,0.1182413832801732,0.3388271858410026,0.16722481553054985,0.1396642663475145,0.3616997024362647,0.2932033092964039,0.1593087952355092,0.49255515811791795,will3,Emotional_OpenAI_TTS,C:\python\Uni\Year_3\block_4\Story_project\logs\sessions\2025-06-04_17-47-08_will3 copy\videos\will3_Emotional_OpenAI_TTS_happy_exchange_3.mp4,will3_Emotional_OpenAI_TTS_happy_exchange_3.mp4,Emotional
sad,0.285290610780349,neutral,False,0.23917063516164475,5,0.5866074879220016,0.22722999764360693,0.8554277837711903,0.3275667309690765,0.20867896699499627,0.5409082951481586,0.20578895270079692,0.1260023850125095,0.34527819430142725,0.2483391397769375,0.1336861285944656,0.4344842836282937,0.18183695113565201,0.20045725256571603,0.42922281008963037,0.18620142560705677,0.1170179628531067,0.31772111787384044,0.285290610780349,0.11258035767862154,0.3809394263106791,will3,Emotional_OpenAI_TTS,C:\python\Uni\Year_3\block_4\Story_project\logs\sessions\2025-06-04_17-47-08_will3 copy\videos\will3_Emotional_OpenAI_TTS_sad_exchange_4.mp4,will3_Emotional_OpenAI_TTS_sad_exchange_4.mp4,Emotional
neutral,0.6869567070135213,neutral,True,0.23429153365015945,9,0.6869567070135213,0.16260258288329438,0.9125351745070779,0.25354997594679785,0.15886468589830496,0.5806961870856627,0.22727995735546683,0.11234967720882925,0.3601481068421204,0.18260044059094088,0.11116615007474338,0.33364854150537304,0.2981220635054821,0.18994016173767286,0.669024141812776,0.1573344459552418,0.1320782121188478,0.4083288803764662,0.28686231854702743,0.17608022018931394,0.5356133979948807,will3,Emotional_OpenAI_TTS,C:\python\Uni\Year_3\block_4\Story_project\logs\sessions\2025-06-04_17-47-08_will3 copy\videos\will3_Emotional_OpenAI_TTS_neutral_exchange_5.mp4,will3_Emotional_OpenAI_TTS_neutral_exchange_5.mp4,Emotional
fear,0.1924044015944452,neutral,False,0.17482376258599594,6,0.6271015544584049,0.1545692911227325,0.8040490368990961,0.23055574419969968,0.1620697382184849,0.4557935837437794,0.1924044015944452,0.13895412877384028,0.4017420409728254,0.09175126314361266,0.1290845556070216,0.3306455167741106,0.15981405243525285,0.10036284966207652,0.2778681914371117,0.2149058563490667,0.08963327588730545,0.35751504197465644,0.15951125779389855,0.13823798962500947,0.4129926800205218,will3,Emotional_OpenAI_TTS,C:\python\Uni\Year_3\block_4\Story_project\logs\sessions\2025-06-04_17-47-08_will3 copy\videos\will3_Emotional_OpenAI_TTS_fear_exchange_6.mp4,will3_Emotional_OpenAI_TTS_fear_exchange_6.mp4,Emotional
disgust,0.2469843182750109,neutral,False,0.24202781707637855,9,0.6440278672892688,0.17666534128118874,0.8799931881590535,0.2989615036021485,0.1525303565096086,0.5368881131149706,0.24360857083004792,0.16314167090966614,0.46008137396190313,0.2469843182750109,0.10377172604288351,0.4148079954384525,0.22712932723374124,0.15382053680179983,0.5056664919370334,0.2468701952233418,0.07734897639325637,0.3876337555971305,0.1886129872939809,0.13402877045241857,0.41846896524436045,will3,Emotionless_Voice,C:\python\Uni\Year_3\block_4\Story_project\logs\sessions\2025-06-04_17-47-08_will3 copy\videos\will3_Emotionless_Voice_disgust_exchange_0.mp4,will3_Emotionless_Voice_disgust_exchange_0.mp4,Emotionless
neutral,0.6844531402977714,neutral,True,0.21211157346785336,7,0.6844531402977714,0.17392816286449678,1.0,0.2222138531315438,0.11182069639353044,0.33510385761145267,0.22129127258075204,0.15928561787734782,0.451924595236538,0.2536197680942592,0.15532020249689152,0.49427548114409253,0.13920460625269923,0.13189918835031975,0.31081269488394514,0.15059798367177382,0.155555566164817,0.4233871269496068,0.285741957076092,0.1063712836123503,0.45288999657172746,will3,Emotionless_Voice,C:\python\Uni\Year_3\block_4\Story_project\logs\sessions\2025-06-04_17-47-08_will3 copy\videos\will3_Emotionless_Voice_neutral_exchange_1.mp4,will3_Emotionless_Voice_neutral_exchange_1.mp4,Emotionless
angry,0.16306935622534607,neutral,False,0.193189371562677,8,0.43155912815788905,0.18368295376510985,0.7922030424905169,0.18502282210520388,0.14570197468384743,0.4469829321366713,0.20742793661294412,0.12455280853410833,0.35852412107402953,0.18285494850817496,0.11562721430999862,0.3784842016926012,0.16306935622534607,0.13447314880055997,0.37984698430026625,0.1608582748040514,0.129874161489023,0.39329455033740757,0.2599028911203413,0.14649241356458953,0.4638511751416234,will3,Emotionless_Voice,C:\python\Uni\Year_3\block_4\Story_project\logs\sessions\2025-06-04_17-47-08_will3 copy\videos\will3_Emotionless_Voice_angry_exchange_2.mp4,will3_Emotionless_Voice_angry_exchange_2.mp4,Emotionless
surprise,0.15278998637021315,neutral,False,0.23093997793661514,6,0.6394363780722842,0.11827930739619694,0.8205528166761468,0.15278998637021315,0.16917320724890444,0.4728887163074243,0.2487895856796085,0.16578579979153515,0.4646364897072852,0.3094343971019226,0.15886937078038002,0.4728130089348739,0.2562526429511888,0.19991415280340494,0.48305849592733635,0.17071980047009094,0.11698978291560738,0.34008329824211364,0.2476534550466667,0.10522904996692424,0.3864204146985836,will3,Emotionless_Voice,C:\python\Uni\Year_3\block_4\Story_project\logs\sessions\2025-06-04_17-47-08_will3 copy\videos\will3_Emotionless_Voice_surprise_exchange_3.mp4,will3_Emotionless_Voice_surprise_exchange_3.mp4,Emotionless
happy,0.13302812056305044,neutral,False,0.2035190526612166,8,0.6111389324305665,0.27079929071357994,1.0,0.237040385874286,0.19743496002822597,0.5924418371835822,0.2497139461204225,0.1124556568685261,0.41106583660468854,0.14144009589403556,0.13491008103361218,0.40192539060683663,0.19560913134424035,0.10644742417130916,0.3465962148329457,0.13302812056305044,0.1521011453457467,0.43397514359579303,0.26428263617126463,0.19590828898104762,0.5785059184754879,will3,Emotionless_Voice,C:\python\Uni\Year_3\block_4\Story_project\logs\sessions\2025-06-04_17-47-08_will3 copy\videos\will3_Emotionless_Voice_happy_exchange_4.mp4,will3_Emotionless_Voice_happy_exchange_4.mp4,Emotionless
fear,0.1824180303649722,neutral,False,0.20138807196977346,9,0.5486928189969492,0.21038956943150247,0.9015338868794911,0.21808749747649475,0.1427566118435332,0.40936469578594925,0.1824180303649722,0.15181986405836942,0.4489554387117466,0.2400471674252003,0.16073727293401063,0.45337218358623715,0.2165772386952996,0.12933005443509088,0.4240823691946769,0.17580312212228166,0.08815270031204918,0.32937212116372827,0.17539537573439196,0.11977921749384553,0.3248742384710252,will3,Emotionless_Voice,C:\python\Uni\Year_3\block_4\Story_project\logs\sessions\2025-06-04_17-47-08_will3 copy\videos\will3_Emotionless_Voice_fear_exchange_5.mp4,will3_Emotionless_Voice_fear_exchange_5.mp4,Emotionless
sad,0.28464778013837116,neutral,False,0.23046044838282018,7,0.6684166574912158,0.20387803709408656,0.9482745317191331,0.23518499432479606,0.07068207003498485,0.31656220981348326,0.24009371798771453,0.11811854889910435,0.33626660985725115,0.1623101256223496,0.1671131854203475,0.40276568887330244,0.2563344392257608,0.17684788542287314,0.5279021304741559,0.20419163299792883,0.14417493530260084,0.37357853413383146,0.28464778013837116,0.12284299803666984,0.4288765042978032,will3,Emotionless_Voice,C:\python\Uni\Year_3\block_4\Story_project\logs\sessions\2025-06-04_17-47-08_will3 copy\videos\will3_Emotionless_Voice_sad_exchange_6.mp4,will3_Emotionless_Voice_sad_exchange_6.mp4,Emotionless
happy,0.10952610489451521,neutral,False,0.21474655363677864,7,0.6502206811367129,0.23813907912338741,0.9047349872861803,0.19305207037862093,0.18955788543497135,0.48373014469072634,0.30265225213466934,0.10276321315634555,0.4488209824704687,0.1834194969432661,0.10349169376546873,0.31843219915290333,0.2794299009827225,0.11115284720528891,0.4690047566563202,0.10952610489451521,0.07988670650702978,0.20692267011056026,0.22039949648687765,0.15473614725781873,0.3435136607745617,vlad4,Emotional_OpenAI_TTS,C:\python\Uni\Year_3\block_4\Story_project\logs\sessions\2025-06-04_18-13-23_vlad4\videos\vlad4_Emotional_OpenAI_TTS_happy_exchange_0.mp4,vlad4_Emotional_OpenAI_TTS_happy_exchange_0.mp4,Emotional
surprise,0.2864325750391978,neutral,False,0.2267069846737688,6,0.5976092526115285,0.269515385960814,1.0,0.2864325750391978,0.1841756477575484,0.5680607592296774,0.1784375582447613,0.19918673208731746,0.4241076422055271,0.2681200973837669,0.11224411202630671,0.3652794572783117,0.30365296619324855,0.132593341790982,0.42562529434120966,0.2213603030076742,0.09338886191553092,0.3279693072831358,0.10223840817396375,0.11012561723454492,0.25076873601823063,vlad4,Emotional_OpenAI_TTS,C:\python\Uni\Year_3\block_4\Story_project\logs\sessions\2025-06-04_18-13-23_vlad4\videos\vlad4_Emotional_OpenAI_TTS_surprise_exchange_1.mp4,vlad4_Emotional_OpenAI_TTS_surprise_exchange_1.mp4,Emotional
fear,0.21122129802973705,neutral,False,0.18519680208622366,5,0.666267904641449,0.15454204912436031,0.8460099044222233,0.16869976867850514,0.11072260609032386,0.2739041027429878,0.21122129802973705,0.08164873206671862,0.2967594364285995,0.24080557200371883,0.18275729111590625,0.3987062152539784,0.15117024135504592,0.12440971928822311,0.28791750997362714,0.2635406548041786,0.16122562507320248,0.4286795674056555,0.07574327764615638,0.06947291055087637,0.17168442975387468,vlad4,Emotional_OpenAI_TTS,C:\python\Uni\Year_3\block_4\Story_project\logs\sessions\2025-06-04_18-13-23_vlad4\videos\vlad4_Emotional_OpenAI_TTS_fear_exchange_2.mp4,vlad4_Emotional_OpenAI_TTS_fear_exchange_2.mp4,Emotional
sad,0.16002679865296918,neutral,False,0.20679227813127357,9,0.6665241035375864,0.22711199533886073,0.9389395459039085,0.21817267339486118,0.1248804875148158,0.4211287167775175,0.18882018856491953,0.1471350979178834,0.3836799304619112,0.21742018641477712,0.14140019787344285,0.43935054103746685,0.18170846113479175,0.13398618290031464,0.3984051596830083,0.27460536062532287,0.1544552790711933,0.49617371146121136,0.16002679865296918,0.1296732550410852,0.3766801835758633,vlad4,Emotional_OpenAI_TTS,C:\python\Uni\Year_3\block_4\Story_project\logs\sessions\2025-06-04_18-13-23_vlad4\videos\vlad4_Emotional_OpenAI_TTS_sad_exchange_3.mp4,vlad4_Emotional_OpenAI_TTS_sad_exchange_3.mp4,Emotional
angry,0.18613292271257037,neutral,False,0.1907586110486322,10,0.6513792477741248,0.09061649701476336,0.8172419171364873,0.1577674409989548,0.08115737805441686,0.2729910225507062,0.16613302700458635,0.11552503560905208,0.4051562860154816,0.22449953654503738,0.18807420859342755,0.6655803817072128,0.18613292271257037,0.14334854647382456,0.4743848152883181,0.17581307237286029,0.1424056567426778,0.41612398181222265,0.23420566665778386,0.22364218933654592,0.5509604822982381,vlad4,Emotional_OpenAI_TTS,C:\python\Uni\Year_3\block_4\Story_project\logs\sessions\2025-06-04_18-13-23_vlad4\videos\vlad4_Emotional_OpenAI_TTS_angry_exchange_4.mp4,vlad4_Emotional_OpenAI_TTS_angry_exchange_4.mp4,Emotional
neutral,0.5416063091822917,neutral,True,0.26895384625933977,6,0.5416063091822917,0.14418431763884937,0.7415100236223332,0.25088850665580215,0.11446705564694687,0.4410132288651918,0.26120109354037596,0.11814822287930211,0.46451406238452614,0.30322395493321014,0.07737404776386606,0.40949410278972215,0.3619241130225008,0.20298563145514956,0.6712150162153137,0.16028222999606878,0.061487201367738165,0.24974422726150414,0.276203179408081,0.17581355077935246,0.6135762611814578,vlad4,Emotional_OpenAI_TTS,C:\python\Uni\Year_3\block_4\Story_project\logs\sessions\2025-06-04_18-13-23_vlad4\videos\vlad4_Emotional_OpenAI_TTS_neutral_exchange_5.mp4,vlad4_Emotional_OpenAI_TTS_neutral_exchange_5.mp4,Emotional
disgust,0.22800472533042324,neutral,False,0.2258917357512572,6,0.517194052578464,0.12242754424980323,0.6571565496877374,0.19006467849884556,0.13137609353991053,0.3322875031652629,0.2518310083832457,0.12432302851035748,0.46868295549364003,0.22800472533042324,0.133983540799887,0.37439824656027737,0.27376183844442875,0.06402229011352738,0.3581001635183383,0.22302931238816529,0.0994436061651403,0.33774213400699427,0.1886588514624348,0.17912455582139145,0.47028658477319174,vlad4,Emotional_OpenAI_TTS,C:\python\Uni\Year_3\block_4\Story_project\logs\sessions\2025-06-04_18-13-23_vlad4\videos\vlad4_Emotional_OpenAI_TTS_disgust_exchange_6.mp4,vlad4_Emotional_OpenAI_TTS_disgust_exchange_6.mp4,Emotional
fear,0.1289867680269441,neutral,False,0.19132580166264312,7,0.5869119955019367,0.17697626880345504,0.8290186758394591,0.1981041056941574,0.09637306534585824,0.30853450569131957,0.1289867680269441,0.11970499519162808,0.37371283599427463,0.2059094103529663,0.20594210698851256,0.5429856953294152,0.18667994423586157,0.1620964900176672,0.39376798225726817,0.22463934145940126,0.053598609728154736,0.27909585530778086,0.2036352402065283,0.18714322578378578,0.4095597900345348,vlad4,Emotionless_Voice,C:\python\Uni\Year_3\block_4\Story_project\logs\sessions\2025-06-04_18-13-23_vlad4\videos\vlad4_Emotionless_Voice_fear_exchange_0.mp4,vlad4_Emotionless_Voice_fear_exchange_0.mp4,Emotionless
angry,0.2059892850969845,neutral,False,0.20633249522787614,10,0.7168276152222164,0.21781148099705602,0.9457224600012272,0.20127197887821296,0.15582357406988254,0.4424484096013179,0.19455631478276153,0.11485842417305164,0.3400239586872129,0.2515537693441865,0.19085938856479648,0.531317701365801,0.2059892850969845,0.13299370712569875,0.38365216038213834,0.1559998204793716,0.11537809212229348,0.3551913680285638,0.22862380278573982,0.10300376346733597,0.36713307634421766,vlad4,Emotionless_Voice,C:\python\Uni\Year_3\block_4\Story_project\logs\sessions\2025-06-04_18-13-23_vlad4\videos\vlad4_Emotionless_Voice_angry_exchange_1.mp4,vlad4_Emotionless_Voice_angry_exchange_1.mp4,Emotionless
sad,0.21830152732324976,neutral,False,0.19213237248673462,10,0.4588927739795511,0.17349648358225403,0.6629988221149269,0.15286098393707198,0.12353094111213116,0.3592766472838911,0.20372126288380094,0.12713127985359168,0.3932594778461954,0.23228512375250135,0.13384322001137722,0.417777464160909,0.16102988424512427,0.07406968898560455,0.24352780747844766,0.18459545277865924,0.14073954864838736,0.41814924232567297,0.21830152732324976,0.15826123889824073,0.4757702186136079,vlad4,Emotionless_Voice,C:\python\Uni\Year_3\block_4\Story_project\logs\sessions\2025-06-04_18-13-23_vlad4\videos\vlad4_Emotionless_Voice_sad_exchange_2.mp4,vlad4_Emotionless_Voice_sad_exchange_2.mp4,Emotionless
surprise,0.29834268906304406,neutral,False,0.1958528495684613,10,0.5627476681627211,0.210914670895308,0.9975592428243895,0.29834268906304406,0.14127254814038617,0.5893345879754889,0.15673603217162607,0.17695839391895088,0.4332073601924683,0.18838113021364528,0.11135170809765027,0.37650552763026734,0.11858386473184475,0.1292623546986097,0.42526428897904295,0.2027125152476951,0.10872019883378518,0.41056863192840864,0.2103608659829125,0.15894308426585466,0.5011442972513716,vlad4,Emotionless_Voice,C:\python\Uni\Year_3\block_4\Story_project\logs\sessions\2025-06-04_18-13-23_vlad4\videos\vlad4_Emotionless_Voice_surprise_exchange_3.mp4,vlad4_Emotionless_Voice_surprise_exchange_3.mp4,Emotionless
neutral,0.5719426173505496,neutral,True,0.20870174598922916,10,0.5719426173505496,0.18305951677918672,0.803547844753123,0.20719438042212404,0.11057256746388051,0.37759416784004646,0.2409218696087648,0.2562290943330043,0.8758283737643042,0.2495184790897064,0.10029774240077216,0.387649980903873,0.2222913294233701,0.11692295886139296,0.4055609408539883,0.12888102881114055,0.10188202795021248,0.30605452436403235,0.20340338858026916,0.15325457374131787,0.5177503405928696,vlad4,Emotionless_Voice,C:\python\Uni\Year_3\block_4\Story_project\logs\sessions\2025-06-04_18-13-23_vlad4\videos\vlad4_Emotionless_Voice_neutral_exchange_4.mp4,vlad4_Emotionless_Voice_neutral_exchange_4.mp4,Emotionless
disgust,0.13619642799288567,neutral,False,0.19923711207007536,7,0.5410438813553726,0.15995668818926723,0.8045105627192521,0.20398865871588767,0.17939949720033796,0.5760354409772177,0.2809758640187624,0.1449157393371415,0.5171503889516902,0.13619642799288567,0.08991278747061358,0.2618537777194233,0.1148929877553906,0.09781899069417493,0.23321601436938966,0.20542175726557668,0.10744732522755246,0.3746386439734126,0.25394697667194926,0.16321752750374127,0.4689493871070775,vlad4,Emotionless_Voice,C:\python\Uni\Year_3\block_4\Story_project\logs\sessions\2025-06-04_18-13-23_vlad4\videos\vlad4_Emotionless_Voice_disgust_exchange_5.mp4,vlad4_Emotionless_Voice_disgust_exchange_5.mp4,Emotionless
happy,0.26782580052139454,neutral,False,0.16223301249244634,5,0.6182575251311351,0.22111454410253462,1.0,0.14187305781049556,0.12958731355931544,0.32748775022097165,0.15240689453072048,0.1825983966002407,0.46822019040419627,0.14136989570028527,0.08216552178575555,0.20450812208983998,0.1754833940416607,0.1519944365831072,0.3130893330980602,0.26782580052139454,0.1441731704979444,0.4527538819041689,0.0944390323501215,0.06583174972745592,0.15607273996268647,vlad4,Emotionless_Voice,C:\python\Uni\Year_3\block_4\Story_project\logs\sessions\2025-06-04_18-13-23_vlad4\videos\vlad4_Emotionless_Voice_happy_exchange_6.mp4,vlad4_Emotionless_Voice_happy_exchange_6.mp4,Emotionless
surprise,0.21421844823131164,neutral,False,0.19956749505238536,5,0.6342375510873317,0.10334783959882296,0.7459755383682795,0.21421844823131164,0.06673208386939229,0.30722658580104845,0.12563156957487495,0.12126500963373597,0.27845071502887364,0.19677639214906337,0.20821744552217103,0.5210378844585144,0.15302791797142387,0.10749683277244851,0.29554878894896763,0.2237755304838834,0.13437529056821487,0.43842765056440985,0.28397511190375474,0.19800712922363772,0.5774059746146163,nikolaos5,Emotional_OpenAI_TTS,C:\python\Uni\Year_3\block_4\Story_project\logs\sessions\2025-06-04_19-05-06_nikolaos5\videos\nikolaos5_Emotional_OpenAI_TTS_surprise_exchange_0.mp4,nikolaos5_Emotional_OpenAI_TTS_surprise_exchange_0.mp4,Emotional
disgust,0.14788036693286402,neutral,False,0.1706070237358667,5,0.6139599775308989,0.12009902795094493,0.7614149224326848,0.19422282864046608,0.17273377109032395,0.39426288965350814,0.15588922482469375,0.14490068514774,0.35113295024394187,0.14788036693286402,0.11804683972362773,0.3488447174158506,0.1860196583790557,0.09180526175205568,0.28653469457807745,0.14155188760490622,0.2042942880830277,0.49037306902959077,0.19807817603321431,0.164464450266069,0.42577601014866295,nikolaos5,Emotional_OpenAI_TTS,C:\python\Uni\Year_3\block_4\Story_project\logs\sessions\2025-06-04_19-05-06_nikolaos5\videos\nikolaos5_Emotional_OpenAI_TTS_disgust_exchange_1.mp4,nikolaos5_Emotional_OpenAI_TTS_disgust_exchange_1.mp4,Emotional
happy,0.09574098593662421,neutral,False,0.17771644758576033,7,0.6773017891404368,0.16691215132526974,0.905477791394039,0.23109866775841942,0.09751278492509743,0.3359548685161341,0.1620364033768413,0.15167857804729837,0.39584893744900196,0.13941243070059592,0.16792762522230978,0.4617865168610502,0.17291225243667724,0.14113533449114654,0.37593445457582275,0.09574098593662421,0.09405759764680952,0.27187531367172446,0.265097945305404,0.05544270271336213,0.3540998584731,nikolaos5,Emotional_OpenAI_TTS,C:\python\Uni\Year_3\block_4\Story_project\logs\sessions\2025-06-04_19-05-06_nikolaos5\videos\nikolaos5_Emotional_OpenAI_TTS_happy_exchange_2.mp4,nikolaos5_Emotional_OpenAI_TTS_happy_exchange_2.mp4,Emotional
neutral,0.5257870679535983,neutral,True,0.132486412027208,7,0.5257870679535983,0.3075859951923716,0.9561406253858814,0.12331570463436077,0.12444280038446356,0.344388148363464,0.1416505157634546,0.10850780414091174,0.3068549873571923,0.1598148168370223,0.1383767972773132,0.3397020009522087,0.10614918000175898,0.1469800263434917,0.3986637223705365,0.10904037355382602,0.04179539937470326,0.17034955976309193,0.15494788137282547,0.17748486318378245,0.42204828144615036,nikolaos5,Emotional_OpenAI_TTS,C:\python\Uni\Year_3\block_4\Story_project\logs\sessions\2025-06-04_19-05-06_nikolaos5\videos\nikolaos5_Emotional_OpenAI_TTS_neutral_exchange_3.mp4,nikolaos5_Emotional_OpenAI_TTS_neutral_exchange_3.mp4,Emotional
fear,0.23628075290135037,neutral,False,0.2047842090827722,10,0.7041948997633196,0.14765411042542884,0.9186241568869188,0.25536248706439235,0.15353015447366872,0.5365497607662639,0.23628075290135037,0.188750607479289,0.6419745644013672,0.09335262294329164,0.12032716384649172,0.3748970932951459,0.25701106443145083,0.12049556331381818,0.47325984992714837,0.16701904068398266,0.14203854381402167,0.36182861594777505,0.2196792864721652,0.18035690170974686,0.544260999922405,nikolaos5,Emotional_OpenAI_TTS,C:\python\Uni\Year_3\block_4\Story_project\logs\sessions\2025-06-04_19-05-06_nikolaos5\videos\nikolaos5_Emotional_OpenAI_TTS_fear_exchange_4.mp4,nikolaos5_Emotional_OpenAI_TTS_fear_exchange_4.mp4,Emotional
sad,0.2677070737380306,neutral,False,0.20080562413766137,9,0.7022162818473587,0.17837356651232544,0.9577834860942491,0.14475994086412539,0.12065901942462363,0.39168722176357457,0.21140583583206116,0.08705648337518386,0.33962397499014696,0.1566679170118321,0.06702509264943493,0.2338002129119235,0.21222580397379046,0.1136179234052149,0.3468056220366331,0.21206717340612843,0.1495424003308863,0.4229109825084292,0.2677070737380306,0.12398462541941488,0.4169427564760575,nikolaos5,Emotional_OpenAI_TTS,C:\python\Uni\Year_3\block_4\Story_project\logs\sessions\2025-06-04_19-05-06_nikolaos5\videos\nikolaos5_Emotional_OpenAI_TTS_sad_exchange_5.mp4,nikolaos5_Emotional_OpenAI_TTS_sad_exchange_5.mp4,Emotional
angry,0.20148156296859604,neutral,False,0.18431731337968213,5,0.5424798187850638,0.22729312233613688,0.7939374183864847,0.18051300974710732,0.14248333319197906,0.36059754108361514,0.12277335331458353,0.09051164801831389,0.2423873338375137,0.28126736582139794,0.20708762834211125,0.5833626308175642,0.20148156296859604,0.17398694865594885,0.3975963548180468,0.16340195392721152,0.1423754999902255,0.3326534759003811,0.15646663449919623,0.11252279163540087,0.28167325708837865,nikolaos5,Emotional_OpenAI_TTS,C:\python\Uni\Year_3\block_4\Story_project\logs\sessions\2025-06-04_19-05-06_nikolaos5\videos\nikolaos5_Emotional_OpenAI_TTS_angry_exchange_6.mp4,nikolaos5_Emotional_OpenAI_TTS_angry_exchange_6.mp4,Emotional
happy,0.1993669181728417,neutral,False,0.21308314054998642,10,0.6651413164883061,0.2389568749494767,1.0,0.2303657018453397,0.17635747491185938,0.5721006276532947,0.19605180304551112,0.11824568700161665,0.4005000217543899,0.22318740886591892,0.14473329049824724,0.5095203032079784,0.29133993276165443,0.13533806437977422,0.5548881084601263,0.1993669181728417,0.21473747927303588,0.5925458770644694,0.13818707860865256,0.09021370961552937,0.2798482019348722,nikolaos5,Emotionless_Voice,C:\python\Uni\Year_3\block_4\Story_project\logs\sessions\2025-06-04_19-05-06_nikolaos5\videos\nikolaos5_Emotionless_Voice_happy_exchange_0.mp4,nikolaos5_Emotionless_Voice_happy_exchange_0.mp4,Emotionless
angry,0.18970983703773742,neutral,False,0.22287997657224823,10,0.5781643397124953,0.1871184546981732,0.9494540673142116,0.2088883180590782,0.14062982324904996,0.36552726700816285,0.21184085310677414,0.15617140203588395,0.4356802912356269,0.28832461921933683,0.12735031322417822,0.4486476653686639,0.18970983703773742,0.1326823869308115,0.34471062504155114,0.23167341502519206,0.1794076066768172,0.47085230061364486,0.20684281698537074,0.12300965183379849,0.35096024067322085,nikolaos5,Emotionless_Voice,C:\python\Uni\Year_3\block_4\Story_project\logs\sessions\2025-06-04_19-05-06_nikolaos5\videos\nikolaos5_Emotionless_Voice_angry_exchange_1.mp4,nikolaos5_Emotionless_Voice_angry_exchange_1.mp4,Emotionless
sad,0.3108798188276695,neutral,False,0.2380590915324389,9,0.5757437364622944,0.20189802598525908,0.8919737142162564,0.23828300053227366,0.18501253061979528,0.45335390613259513,0.19231791159958522,0.09048243677040128,0.3395957810215169,0.18872220106521,0.15035016854615926,0.4023523484027318,0.22397743269598727,0.1558427742423896,0.42101372643962787,0.27417418447390784,0.13934279645561623,0.520494314362706,0.3108798188276695,0.1816025599533824,0.6604484467677668,nikolaos5,Emotionless_Voice,C:\python\Uni\Year_3\block_4\Story_project\logs\sessions\2025-06-04_19-05-06_nikolaos5\videos\nikolaos5_Emotionless_Voice_sad_exchange_2.mp4,nikolaos5_Emotionless_Voice_sad_exchange_2.mp4,Emotionless
surprise,0.20262989422322786,neutral,False,0.22595281502778528,5,0.6288113033061772,0.18437372310585523,0.9105581386802459,0.20262989422322786,0.0966503360430525,0.30460285595066355,0.23706217362550727,0.16396858121792238,0.4888634204127209,0.2024356281898732,0.133993789187819,0.3262160862232044,0.2988401614034176,0.1457514559044174,0.4199508856194668,0.17179170704064367,0.1761023768628301,0.475616116958124,0.24295732568404177,0.19070667955942033,0.43271308274274495,nikolaos5,Emotionless_Voice,C:\python\Uni\Year_3\block_4\Story_project\logs\sessions\2025-06-04_19-05-06_nikolaos5\videos\nikolaos5_Emotionless_Voice_surprise_exchange_3.mp4,nikolaos5_Emotionless_Voice_surprise_exchange_3.mp4,Emotionless
neutral,0.6132999534626384,neutral,True,0.19960338517935117,8,0.6132999534626384,0.25386416450976723,1.0,0.24204603705232886,0.10539424329744361,0.3967201267840419,0.1596904428938181,0.09172263323973773,0.2990476689188429,0.1648527370024314,0.061465465194084384,0.24003088366303935,0.12878574601374781,0.12164487691125325,0.3415677351512881,0.26503646035264883,0.1581699766966611,0.5354828214259381,0.23720888776113194,0.1309551515998878,0.4186511204185682,nikolaos5,Emotionless_Voice,C:\python\Uni\Year_3\block_4\Story_project\logs\sessions\2025-06-04_19-05-06_nikolaos5\videos\nikolaos5_Emotionless_Voice_neutral_exchange_4.mp4,nikolaos5_Emotionless_Voice_neutral_exchange_4.mp4,Emotionless
fear,0.26543400163467784,neutral,False,0.23812794341891078,10,0.6226660971343699,0.137524703466809,0.8917070474008832,0.19430989112762556,0.13304803429771941,0.47839738534521886,0.26543400163467784,0.15816278876825918,0.47832320369333947,0.3300264570833589,0.18760319895574082,0.6409632888422553,0.11276345375040664,0.1220530431101026,0.3260965937809953,0.23098359810283986,0.1415585573833449,0.42317120637593575,0.29525025881455597,0.16407730805954324,0.5682858516837788,nikolaos5,Emotionless_Voice,C:\python\Uni\Year_3\block_4\Story_project\logs\sessions\2025-06-04_19-05-06_nikolaos5\videos\nikolaos5_Emotionless_Voice_fear_exchange_5.mp4,nikolaos5_Emotionless_Voice_fear_exchange_5.mp4,Emotionless
disgust,0.18970793986770615,neutral,False,0.22041242294429056,8,0.5237270110595755,0.10488880069805726,0.7298254448965442,0.20342927880690231,0.16999181819723513,0.39805103216548915,0.1781634997488294,0.1438906830862282,0.4035416287182826,0.18970793986770615,0.11985651027694436,0.35768971122097404,0.2668435413194641,0.12839212072396017,0.425271327224097,0.25192038028573693,0.1920407106800912,0.4832151338610458,0.23240989763710446,0.18948344389734997,0.4597818291506474,nikolaos5,Emotionless_Voice,C:\python\Uni\Year_3\block_4\Story_project\logs\sessions\2025-06-04_19-05-06_nikolaos5\videos\nikolaos5_Emotionless_Voice_disgust_exchange_6.mp4,nikolaos5_Emotionless_Voice_disgust_exchange_6.mp4,Emotionless
neutral,0.6659465424596018,neutral,True,0.21560116935300008,8,0.6659465424596018,0.15894537743235382,0.8469968894918981,0.1777883324343634,0.19889058740124252,0.4953370198112898,0.21442488741678228,0.1276405511531588,0.412698726138378,0.31475278027736586,0.11250595494884402,0.49087902877977685,0.2270170449878729,0.09569432971965129,0.3788851120144374,0.17723203521352263,0.12793226721877138,0.3943256535465019,0.18239193578809354,0.1450202932387991,0.43684987691207705,alexadru6,Emotional_OpenAI_TTS,C:\python\Uni\Year_3\block_4\Story_project\logs\sessions\2025-06-05_15-04-21_alexadru6\videos\alexadru6_Emotional_OpenAI_TTS_neutral_exchange_0.mp4,alexadru6_Emotional_OpenAI_TTS_neutral_exchange_0.mp4,Emotional
angry,0.21599467973976708,neutral,False,0.21525236779019966,10,0.6915725150381543,0.20228754901052762,1.0,0.16125137476219625,0.1314763978663641,0.38885356871875865,0.24606402358433618,0.09980885356276879,0.4148603257925424,0.2347597526014583,0.13014610069071697,0.4208322491583615,0.21599467973976708,0.15700004808564688,0.47778488647836603,0.23462173827393557,0.0876054103430306,0.38842920960684846,0.19882263777950454,0.14359118786435687,0.42062242922805576,alexadru6,Emotional_OpenAI_TTS,C:\python\Uni\Year_3\block_4\Story_project\logs\sessions\2025-06-05_15-04-21_alexadru6\videos\alexadru6_Emotional_OpenAI_TTS_angry_exchange_1.mp4,alexadru6_Emotional_OpenAI_TTS_angry_exchange_1.mp4,Emotional
disgust,0.32589885191876017,neutral,False,0.19723030881382983,6,0.580950358087184,0.12288258315703733,0.7479917208009048,0.17994450079173704,0.15325283699748893,0.3502347184688367,0.19576224633227368,0.11725157811697161,0.3963083282125569,0.32589885191876017,0.14264469726006915,0.4818969007468575,0.15781575427891517,0.11377662348829261,0.302998214046245,0.19814397419280605,0.1771457422533929,0.41827287898902543,0.1258165253684866,0.14024400758690767,0.3775004929825889,alexadru6,Emotional_OpenAI_TTS,C:\python\Uni\Year_3\block_4\Story_project\logs\sessions\2025-06-05_15-04-21_alexadru6\videos\alexadru6_Emotional_OpenAI_TTS_disgust_exchange_2.mp4,alexadru6_Emotional_OpenAI_TTS_disgust_exchange_2.mp4,Emotional
happy,0.20167721875477174,neutral,False,0.17043005766428918,10,0.648541594139154,0.21904638225027365,0.9432222572739183,0.20104258908291595,0.1691859225010193,0.4989860462789334,0.15123816319329808,0.09243224902610424,0.3002055023147967,0.1201995273218132,0.10689582089499472,0.35773224406768145,0.159333807797982,0.11809392475394687,0.41412504393131955,0.20167721875477174,0.16090578511126694,0.48160401718551105,0.18908903983495412,0.10021395201802816,0.2995797837816077,alexadru6,Emotional_OpenAI_TTS,C:\python\Uni\Year_3\block_4\Story_project\logs\sessions\2025-06-05_15-04-21_alexadru6\videos\alexadru6_Emotional_OpenAI_TTS_happy_exchange_3.mp4,alexadru6_Emotional_OpenAI_TTS_happy_exchange_3.mp4,Emotional
fear,0.13148008456923976,neutral,False,0.25725727591264863,7,0.6144741869556875,0.16152495757422075,0.7763490106229614,0.28960160199947804,0.18233498136386608,0.47342511483338495,0.13148008456923976,0.11867347819422969,0.34833704370334206,0.34146722353598163,0.11742624031384233,0.45796125342963484,0.33501131859827943,0.08527400616924162,0.44280976766058017,0.21231776125597132,0.14555897927852138,0.3666679516027147,0.23366566551694173,0.1263205399240775,0.45188899987124487,alexadru6,Emotional_OpenAI_TTS,C:\python\Uni\Year_3\block_4\Story_project\logs\sessions\2025-06-05_15-04-21_alexadru6\videos\alexadru6_Emotional_OpenAI_TTS_fear_exchange_4.mp4,alexadru6_Emotional_OpenAI_TTS_fear_exchange_4.mp4,Emotional
surprise,0.19087054837513198,neutral,False,0.22436789501859522,5,0.6980185128707959,0.25174678044519166,0.935875912173859,0.19087054837513198,0.09391373155033221,0.28888347644925627,0.251241224773129,0.1896286328540585,0.44975685295196444,0.1519971315568919,0.1085529635219068,0.2523941331475725,0.3292836023361521,0.15375266343106855,0.5345300973821698,0.202798068295227,0.12369044604223194,0.3024909583310814,0.22001679477503938,0.0881587435627637,0.3151060316262766,alexadru6,Emotional_OpenAI_TTS,C:\python\Uni\Year_3\block_4\Story_project\logs\sessions\2025-06-05_15-04-21_alexadru6\videos\alexadru6_Emotional_OpenAI_TTS_surprise_exchange_5.mp4,alexadru6_Emotional_OpenAI_TTS_surprise_exchange_5.mp4,Emotional
sad,0.20839037882713463,neutral,False,0.19065334455410213,10,0.6044676879841024,0.1326266164714046,0.7680072490609569,0.20422347873310226,0.1580482914061081,0.5404190011096541,0.14163248985739968,0.07169526153747596,0.26125572197396807,0.2506127482848245,0.15029302545172665,0.5674901490433626,0.2117720423223377,0.15865665262683765,0.5012241048550032,0.12728892929981406,0.07794256266462428,0.28153600373912924,0.20839037882713463,0.13595067224880217,0.3856306349764018,alexadru6,Emotional_OpenAI_TTS,C:\python\Uni\Year_3\block_4\Story_project\logs\sessions\2025-06-05_15-04-21_alexadru6\videos\alexadru6_Emotional_OpenAI_TTS_sad_exchange_6.mp4,alexadru6_Emotional_OpenAI_TTS_sad_exchange_6.mp4,Emotional
surprise,0.21455329753374305,neutral,False,0.2030157874723911,10,0.5763559382520216,0.2093559145702322,0.736321097188103,0.21455329753374305,0.15035304390285226,0.4514825663339482,0.20847146091742158,0.14165114852966565,0.42671991731895825,0.20864729162360404,0.13163476082633027,0.38932801801348105,0.15844752024026607,0.13316295429117636,0.4000169800352533,0.26074171578311534,0.15630914819092928,0.49220254804772556,0.1672334387361964,0.09989299747223963,0.3555948905065517,alexadru6,Emotionless_Voice,C:\python\Uni\Year_3\block_4\Story_project\logs\sessions\2025-06-05_15-04-21_alexadru6\videos\alexadru6_Emotionless_Voice_surprise_exchange_0.mp4,alexadru6_Emotionless_Voice_surprise_exchange_0.mp4,Emotionless
disgust,0.21613478162471544,neutral,False,0.16596365496796803,8,0.6600835803488416,0.23837207778743047,0.9246348033259628,0.11743883745991975,0.058758348105711136,0.19911430803710667,0.16984294272091177,0.12502021115047013,0.36029924940525493,0.21613478162471544,0.10974838445337046,0.3259905836984169,0.1496429322158716,0.1167606067190353,0.3803495671613839,0.25134490574158663,0.11266594730868684,0.4224459455991504,0.09137753004480302,0.08673570284234092,0.2032735619786953,alexadru6,Emotionless_Voice,C:\python\Uni\Year_3\block_4\Story_project\logs\sessions\2025-06-05_15-04-21_alexadru6\videos\alexadru6_Emotionless_Voice_disgust_exchange_1.mp4,alexadru6_Emotionless_Voice_disgust_exchange_1.mp4,Emotionless
happy,0.16414742543266897,neutral,False,0.1612105908470964,8,0.5420857178098486,0.062204881684321575,0.6096831023229087,0.1523647380474697,0.1307179366528835,0.3065805596144558,0.13480899434799268,0.17128093773178246,0.4713533801968565,0.15274314018288648,0.14292121229125457,0.4644918824064781,0.18308756927866776,0.08560554419318595,0.30028859139221253,0.16414742543266897,0.07065122010369024,0.28541821354840424,0.18011167779289286,0.11417469060786921,0.2795991186432764,alexadru6,Emotionless_Voice,C:\python\Uni\Year_3\block_4\Story_project\logs\sessions\2025-06-05_15-04-21_alexadru6\videos\alexadru6_Emotionless_Voice_happy_exchange_2.mp4,alexadru6_Emotionless_Voice_happy_exchange_2.mp4,Emotionless
sad,0.21715990889333778,neutral,False,0.2164395592777869,6,0.6017454081032945,0.1805121625804537,0.7969453958971819,0.1866993226995639,0.12003437099966842,0.40251661014422613,0.2502471707042328,0.10895871365891079,0.38279862625868033,0.2370643004838766,0.1477343967145968,0.505064770686793,0.17733516976634944,0.1404886372592936,0.30688936705636194,0.2301314831193609,0.201768318478539,0.4619751850462822,0.21715990889333778,0.17455401153467467,0.4713305021420427,alexadru6,Emotionless_Voice,C:\python\Uni\Year_3\block_4\Story_project\logs\sessions\2025-06-05_15-04-21_alexadru6\videos\alexadru6_Emotionless_Voice_sad_exchange_3.mp4,alexadru6_Emotionless_Voice_sad_exchange_3.mp4,Emotionless
neutral,0.6855293625088895,neutral,True,0.2062485813427701,10,0.6855293625088895,0.1668644426850727,0.9048970436721933,0.24918474023770076,0.10804665706119233,0.35860151105651317,0.16700512386437952,0.13547698927691373,0.3713553644627421,0.19022959953622204,0.11229455331193887,0.35760942394308276,0.19252344638656635,0.155489574896636,0.40713966645269717,0.2634138079707745,0.11779832018190713,0.5034062967844344,0.17513477006097727,0.12504526019609555,0.44721589184987354,alexadru6,Emotionless_Voice,C:\python\Uni\Year_3\block_4\Story_project\logs\sessions\2025-06-05_15-04-21_alexadru6\videos\alexadru6_Emotionless_Voice_neutral_exchange_4.mp4,alexadru6_Emotionless_Voice_neutral_exchange_4.mp4,Emotionless
fear,0.21164473592802766,neutral,False,0.2327291803115011,5,0.49270217913119757,0.14275681659980344,0.6477729678708116,0.25049878353066607,0.09727300909137089,0.3609642574587676,0.21164473592802766,0.127565407528944,0.3472585544983454,0.2240868703725761,0.13483121669199388,0.3725954291920063,0.18774849165354085,0.18303623560112356,0.443136849761441,0.22398565637542794,0.1497441039824389,0.4046784157082519,0.29841054400876804,0.19557855746908182,0.4892571819890136,alexadru6,Emotionless_Voice,C:\python\Uni\Year_3\block_4\Story_project\logs\sessions\2025-06-05_15-04-21_alexadru6\videos\alexadru6_Emotionless_Voice_fear_exchange_5.mp4,alexadru6_Emotionless_Voice_fear_exchange_5.mp4,Emotionless
angry,0.23131462571539207,neutral,False,0.1960741818569732,8,0.7363388783001148,0.24417875801458555,0.9618606685661772,0.17573308801848053,0.1312779433499963,0.3495245210804862,0.2308774477291148,0.14166315760500672,0.42747232902191284,0.11802193131244859,0.08588673176152944,0.2402996168798199,0.23131462571539207,0.06749778631612113,0.3610220724842198,0.236655903263449,0.1453628908490611,0.4984931985636034,0.18384209510295418,0.12846763605675546,0.3640160868223772,alexadru6,Emotionless_Voice,C:\python\Uni\Year_3\block_4\Story_project\logs\sessions\2025-06-05_15-04-21_alexadru6\videos\alexadru6_Emotionless_Voice_angry_exchange_6.mp4,alexadru6_Emotionless_Voice_angry_exchange_6.mp4,Emotionless
disgust,0.3530571505628072,neutral,False,0.2470186301657532,5,0.750284916060097,0.1665341379293847,1.0,0.30583673837793335,0.13537477957140315,0.4887913440958499,0.2526169017740124,0.05060903496608917,0.30656486222511703,0.3530571505628072,0.059945617988704375,0.4334482984868007,0.14206572839308587,0.19223051782838366,0.44289836996157517,0.155326760205481,0.13049097447357327,0.2883808801246427,0.2732085016811993,0.09925266932671574,0.3981863774263372,amina7,Emotional_OpenAI_TTS,C:\python\Uni\Year_3\block_4\Story_project\logs\sessions\2025-06-05_17-18-32_amina7\videos\amina7_Emotional_OpenAI_TTS_disgust_exchange_0.mp4,amina7_Emotional_OpenAI_TTS_disgust_exchange_0.mp4,Emotional
surprise,0.21278216095346655,neutral,False,0.21525391986700107,6,0.6346926385026531,0.21011792727778236,0.9572419571772293,0.21278216095346655,0.13520715993959884,0.41103511136530235,0.1709146358044544,0.11575874899994211,0.3056300205884421,0.19253095440634596,0.15930013270460075,0.37024190384266437,0.2578282303311223,0.20606497272993501,0.5132829153253748,0.21261067500484243,0.1378193334672797,0.3720427571054904,0.24485686270177498,0.12210702334678057,0.45549495927180533,amina7,Emotional_OpenAI_TTS,C:\python\Uni\Year_3\block_4\Story_project\logs\sessions\2025-06-05_17-18-32_amina7\videos\amina7_Emotional_OpenAI_TTS_surprise_exchange_1.mp4,amina7_Emotional_OpenAI_TTS_surprise_exchange_1.mp4,Emotional
neutral,0.7630275446809686,neutral,True,0.19638771990142515,5,0.7630275446809686,0.2918104321904932,1.0,0.17683634813239552,0.11041678868575704,0.3727996721144683,0.0980591206137276,0.15236760138326425,0.346997225412477,0.21898841523074591,0.2166536900358944,0.4576649369485869,0.2754927905206248,0.1424772204793183,0.4153894593930492,0.128064636190259,0.12553484072304294,0.27352817637165744,0.2808850087207981,0.18059466513785274,0.45227773731307447,amina7,Emotional_OpenAI_TTS,C:\python\Uni\Year_3\block_4\Story_project\logs\sessions\2025-06-05_17-18-32_amina7\videos\amina7_Emotional_OpenAI_TTS_neutral_exchange_2.mp4,amina7_Emotional_OpenAI_TTS_neutral_exchange_2.mp4,Emotional
sad,0.18104118014238949,neutral,False,0.218665965815975,5,0.5787919400657963,0.2628466692271844,0.7939553991588479,0.24736305387911922,0.11257750454526647,0.3953652541236542,0.19280610437837126,0.15508925297713774,0.36604179894838185,0.19039564003225246,0.06759232592567335,0.295128609666231,0.261670914739735,0.1334228209556265,0.3954992264797774,0.23871890172398275,0.09791695886371393,0.3705438874234393,0.18104118014238949,0.1195885114931116,0.30949374550898096,amina7,Emotional_OpenAI_TTS,C:\python\Uni\Year_3\block_4\Story_project\logs\sessions\2025-06-05_17-18-32_amina7\videos\amina7_Emotional_OpenAI_TTS_sad_exchange_3.mp4,amina7_Emotional_OpenAI_TTS_sad_exchange_3.mp4,Emotional
angry,0.17447115687240253,neutral,False,0.23126206576105193,6,0.4437125126495587,0.15792061198630716,0.6533108841129679,0.25300826247851393,0.13705343708448608,0.4865324542561606,0.3236912343861444,0.16866607110192627,0.5482757374815801,0.17511371187827893,0.1366053510119852,0.2920869313738642,0.17447115687240253,0.11372150430883893,0.3446190005572829,0.12273108453443178,0.11622015340418598,0.3138373949577696,0.33855694441654,0.09225640213538383,0.4513321648667532,amina7,Emotional_OpenAI_TTS,C:\python\Uni\Year_3\block_4\Story_project\logs\sessions\2025-06-05_17-18-32_amina7\videos\amina7_Emotional_OpenAI_TTS_angry_exchange_4.mp4,amina7_Emotional_OpenAI_TTS_angry_exchange_4.mp4,Emotional
happy,0.19513039489023484,neutral,False,0.20205128550249132,6,0.7471864698387747,0.1058481298709228,0.9486609598553615,0.1875432570761025,0.16232547382148846,0.4088024960587963,0.26594083459647194,0.17061776951150134,0.5026400342970098,0.2293126536193751,0.18077666111634363,0.5109045659446614,0.13126088261740448,0.09644273309512609,0.2646140446114471,0.19513039489023484,0.13008131970570647,0.45126204643400475,0.20311969021535914,0.17392439356520425,0.4654571133551021,amina7,Emotional_OpenAI_TTS,C:\python\Uni\Year_3\block_4\Story_project\logs\sessions\2025-06-05_17-18-32_amina7\videos\amina7_Emotional_OpenAI_TTS_happy_exchange_5.mp4,amina7_Emotional_OpenAI_TTS_happy_exchange_5.mp4,Emotional
fear,0.1658555512633378,neutral,False,0.2027566879694618,8,0.7204777495235837,0.19951342245880793,0.9735561829157995,0.17726955406721495,0.14314280570000654,0.4488494780446989,0.1658555512633378,0.18154481267332986,0.4289893229783034,0.15458784219095373,0.1536060657290418,0.4360034337464529,0.2704993367754934,0.0953558578577495,0.43676036841526034,0.23653815120915628,0.14186473193368535,0.3770609039967122,0.21178969231061484,0.11268390486070932,0.3304448486870394,amina7,Emotional_OpenAI_TTS,C:\python\Uni\Year_3\block_4\Story_project\logs\sessions\2025-06-05_17-18-32_amina7\videos\amina7_Emotional_OpenAI_TTS_fear_exchange_6.mp4,amina7_Emotional_OpenAI_TTS_fear_exchange_6.mp4,Emotional
angry,0.2112132654323267,neutral,False,0.1922991801820637,8,0.5157704145706734,0.20927751713593196,0.8037882935331817,0.1889574080848316,0.14378175445396457,0.3895026068159266,0.18063815034490924,0.1343209846849623,0.35497102359897004,0.25107088641910336,0.11742155370113422,0.41753520702614466,0.2112132654323267,0.14493957478041183,0.3447260912018498,0.10296279305435715,0.07935519176724765,0.24845250122462784,0.2189525777568544,0.0624917607400411,0.35028729238425993,amina7,Emotionless_Voice,C:\python\Uni\Year_3\block_4\Story_project\logs\sessions\2025-06-05_17-18-32_amina7\videos\amina7_Emotionless_Voice_angry_exchange_0.mp4,amina7_Emotionless_Voice_angry_exchange_0.mp4,Emotionless
neutral,0.613773374491915,neutral,True,0.18257115968846227,9,0.613773374491915,0.18757185365475124,0.9554812085086046,0.23055295974704715,0.1766090371336417,0.46418025792616785,0.1440567792434392,0.12674156009503057,0.34833786323813304,0.2765762762547803,0.10640916049934407,0.39797004499988436,0.17690059305443906,0.15605997394117188,0.45488869840371965,0.13854838485347015,0.12324271331011705,0.389812011129805,0.12879196497759782,0.12488047929019833,0.3226340397611394,amina7,Emotionless_Voice,C:\python\Uni\Year_3\block_4\Story_project\logs\sessions\2025-06-05_17-18-32_amina7\videos\amina7_Emotionless_Voice_neutral_exchange_1.mp4,amina7_Emotionless_Voice_neutral_exchange_1.mp4,Emotionless
happy,0.14164586776081187,neutral,False,0.20680751799531172,6,0.585938974590494,0.19339246474692315,0.7685303588479538,0.1880257834698067,0.14069236523489187,0.4085646779317773,0.15449606012606928,0.12745055084881063,0.30780951064481576,0.16435193799534428,0.13776489618269858,0.30871049558642616,0.23820140328593417,0.1411955744997204,0.42468350774179786,0.14164586776081187,0.10441076233432395,0.2919504094773136,0.35412405533390395,0.1536631675525512,0.5445873130040794,amina7,Emotionless_Voice,C:\python\Uni\Year_3\block_4\Story_project\logs\sessions\2025-06-05_17-18-32_amina7\videos\amina7_Emotionless_Voice_happy_exchange_2.mp4,amina7_Emotionless_Voice_happy_exchange_2.mp4,Emotionless
surprise,0.2171321632147634,neutral,False,0.17365310014874505,9,0.5599417690247955,0.2125428283310158,0.9227612136684197,0.2171321632147634,0.16515321030754943,0.4067584608612438,0.035985611214824464,0.0901254439826779,0.27459391324471666,0.22253589848881372,0.11841411460024966,0.493823123851327,0.17846398068675734,0.08711891318241287,0.33390807587045324,0.2169223188077273,0.1523546941152955,0.4590225789612634,0.17087862847958402,0.10504292145467381,0.3360159556749225,amina7,Emotionless_Voice,C:\python\Uni\Year_3\block_4\Story_project\logs\sessions\2025-06-05_17-18-32_amina7\videos\amina7_Emotionless_Voice_surprise_exchange_3.mp4,amina7_Emotionless_Voice_surprise_exchange_3.mp4,Emotionless
sad,0.21420891717938792,neutral,False,0.1906360706033983,9,0.6198531207572676,0.16791312733689634,0.8735043708625678,0.1663581021984993,0.1433120954904912,0.3922646251856762,0.1558548871139806,0.13756367143249115,0.3322890400590592,0.2379751413230212,0.10581088462503982,0.3972189663201281,0.23123021870204058,0.17873281226321389,0.5545730515775911,0.13818915710346014,0.1629479059296787,0.46358906884042667,0.21420891717938792,0.16658081254298954,0.44688830617622055,amina7,Emotionless_Voice,C:\python\Uni\Year_3\block_4\Story_project\logs\sessions\2025-06-05_17-18-32_amina7\videos\amina7_Emotionless_Voice_sad_exchange_4.mp4,amina7_Emotionless_Voice_sad_exchange_4.mp4,Emotionless
disgust,0.190669914121629,neutral,False,0.22023792810387569,9,0.5342909113165013,0.18848986744209478,0.8621600664324882,0.25905567179261024,0.16258454410532677,0.4970403900426021,0.1796607440367189,0.12977713462153315,0.35592110405679445,0.190669914121629,0.12827018819661434,0.3520847881220094,0.23129885418251067,0.22320844396123588,0.5142912687527579,0.20236403927505567,0.1579773981281392,0.5059368739952572,0.25837834521472974,0.12812789253667675,0.5044730233199385,amina7,Emotionless_Voice,C:\python\Uni\Year_3\block_4\Story_project\logs\sessions\2025-06-05_17-18-32_amina7\videos\amina7_Emotionless_Voice_disgust_exchange_5.mp4,amina7_Emotionless_Voice_disgust_exchange_5.mp4,Emotionless
fear,0.2799365381091645,neutral,False,0.2048021714609558,6,0.6455916637144057,0.11302690109224592,0.849261278817606,0.156957965660965,0.13803433137457527,0.3282974907045431,0.2799365381091645,0.17049159648219692,0.5571889487469639,0.2613619246853028,0.11623776570876264,0.4555018265347487,0.2159044440268015,0.11326541969447956,0.3833284773691311,0.1253607361097104,0.11037107472161398,0.28431198184945433,0.18929142017379066,0.08039200746149994,0.27104961618145806,amina7,Emotionless_Voice,C:\python\Uni\Year_3\block_4\Story_project\logs\sessions\2025-06-05_17-18-32_amina7\videos\amina7_Emotionless_Voice_fear_exchange_6.mp4,amina7_Emotionless_Voice_fear_exchange_6.mp4,Emotionless
